"Project Name","Department","Project Number","Our Winnipeg","Service","Previous Budgets Note","Previous Budgets","2014 Adopted","2015 Forecast","2016 Forecast","2017 Forecast","2018 Forecast","2019 Forecast"
"Assessment Automation","Assessment and Taxation","1400000115","Prosperity","Assessment, Taxation and Corporate","See Capital Budget Book Detail Page",,"0","750,000","500,000","350,000","320,000","350,000"
"Local Improvements - Ongoing Program","Assessment and Taxation","1420000114","Vitality","Roadway Construction and Maintenance","See Capital Budget Book Detail Page",,"2,000,000","2,000,000","2,000,000","2,000,000","2,000,000","2,000,000"
"PeopleSoft Accounts Receivable and Billing","Corporate Finance","1200001514","Sustainability","Organizational Support Services",,"550,000","250,000","0","0","0","0","0"
"Corporate Records Centre","City Clerks","400000917","Heritage ","Council Services",,"725,000","0","0","0","150,000","0","0"
"Election Systems","City Clerks","400000514","Prosperity","Council Services","See Capital Budget Book Detail Page",,"200,000","0","0","200,000","200,000","0"
"City Archives","City Clerks","400000114","Heritage ","Council Services",,"2,000,000","1,500,000","0","0","0","0","0"
"DMIS Upgrades / Replacement","City Clerks","400001518","Prosperity","Council Services",,"0","0","0","0","0","250,000","0"
"2017 Canada Summer Games","City Clerks","400001614","OurWinnipeg Action Plan","Arts, Entertainment and Culture",,"0","750,000","750,000","750,000","750,000","0","0"
"Community Incentive Grant Program","Community Services","6251000114","Recreation","Neighbourhood Revitalization","See Capital Budget Book Detail Page",,"1,600,000","1,632,000","1,665,000","1,698,000","1,732,000","1,767,000"
"Library Interior Infrastructure Replacement Program ","Community Services","6211000514","Libraries","Libraries","See Capital Budget Book Detail Page",,"200,000","200,000","200,000","300,000","306,000","312,000"
"Library Facility Redevelopment - Transcona Library","Community Services","6213000114","Libraries","Libraries",,"0","5,383,000","0","0","0","0","0"
"Library Facility Redevelopment - River Heights Library","Community Services","6213000115","Libraries","Libraries",,"0","100,000","5,560,000","0","0","0","0"
"Library Facility Redevelopment - Westwood Library","Community Services","6213000117","Libraries","Libraries",,"0","100,000","0","0","1,468,000","0","0"
"Library Facility Redevelopment - St. James Library","Community Services","6213000118","Libraries","Libraries",,"0","0","0","0","0","6,492,000","0"
"Library Refurbishment and Redevelopment Program - Existing Infrastructure","Community Services","6210634116","Libraries","Libraries","See Capital Budget Book Detail Page",,"0","0","500,000","500,000","510,000","520,000"
"Library Refurbishment and Redevelopment Program - Existing Infrastructure: Cornish Library","Community Services","6210634114","Libraries","Libraries","See Capital Budget Book Detail Page",,"250,000","2,250,000","0","0","0","0"
"Library Refurbishment and Redevelopment Program - Existing Infrastructure: St. John's Library","Community Services","6210634214","Libraries","Libraries","See Capital Budget Book Detail Page",,"250,000","2,250,000","0","0","0","0"
"Library Technology Upgrade and Replacement Program","Community Services","626200014","Libraries","Libraries","See Capital Budget Book Detail Page",,"500,000","500,000","500,000","500,000","510,000","520,000"
"Recreational Facility Safety and Accessibility Improvements Program","Community Services","62500000114","Recreation","Recreation","See Capital Budget Book Detail Page",,"500,000","500,000","600,000","600,000","612,000","624,000"
"Library Facility Safety and Accessibility Improvements Program","Community Services","6210634514","Libraries","Libraries","See Capital Budget Book Detail Page",,"200,000","200,000","200,000","200,000","204,000","208,000"
"Business Application Systems","Community Services","6260000113","Recreation","Recreation",,"250,000","0","0","0","250,000","306,000","312,000"
"Recreation Equipment Program ","Community Services","6251000215","Recreation","Recreation","See Capital Budget Book Detail Page",,"0","400,000","0","400,000","0","400,000"
"Technology Upgrade and Replacement Program","Community Services","6262000114","Recreation","Recreation","See Capital Budget Book Detail Page",,"250,000","0","0","0","306,000","0"
"Recreation Facility Replacement - New Infrastructure","Community Services","6253000114","Recreation","Recreation",,"0","350,000","0","0","7,301,000","0","3,276,000"
"Recreation Refurbishment and Redevelopment Program - Existing Infrastructure","Community Services","6251000216","Recreation","Recreation","See Capital Budget Book Detail Page",,"0","0","1,500,000","0","1,040,000","1,040,000"
"Community Centre Renovation Grant Program (CCReno)","Community Services","6252000114","Recreation","Recreation","See Capital Budget Book Detail Page",,"965,000","965,000","965,000","965,000","965,000","965,000"
"Assiniboine Park Conservancy (APC) - Infrastructure and Sustainability","Community Services","6206402014","Creativity","Arts, Entertainment and Culture","See Capital Budget Book Detail Page",,"5,123,000","5,123,000","5,123,000","5,123,000","5,123,000","5,123,000"
"Assiniboine Park Conservancy (APC) - Capital Development Plan","Community Services","6206404014","Creativity","Arts, Entertainment and Culture",,"19,352,000","9,251,000","4,503,000","4,638,000","2,740,000","4,727,000","4,788,000"
"PeopleSoft","Corporate Support Services","3455000014","Prosperity","Organizational Support Services",,"3,080,000","395,000","100,000","100,000","2,400,000","1,000,000","350,000"
"Communications Network Infrastructure","Corporate Support Services","3401200014","Prosperity","Organizational Support Services","See Capital Budget Book Detail Page",,"500,000","275,000","375,000","525,000","230,000","381,000"
"Enterprise Computing Initiatives","Corporate Support Services","3402500014","Prosperity","Organizational Support Services","See Capital Budget Book Detail Page",,"117,000","1,115,000","585,000","844,000","801,000","539,000"
"E-Government","Corporate Support Services","3453000014","Prosperity","Organizational Support Services","See Capital Budget Book Detail Page",,"50,000","50,000","200,000","125,000","150,000","100,000"
"Data Warehouse / Business Intelligence","Corporate Support Services","3456000014","Prosperity","Organizational Support Services","See Capital Budget Book Detail Page",,"578,000","218,000","203,000","149,000","150,000","175,000"
"311 Renewal","Corporate Support Services","3457000014","Prosperity","Organizational Support Services",,"300,000","346,000","354,000","335,000","352,000","450,000","370,000"
"Teraspan Fibre Ring Renewal","Corporate Support Services","3462200014","Prosperity","Organizational Support Services",,"0","0","0","400,000","800,000","0","0"
"Plessis Road Interceptor","Water and Waste","2037001317","Environment","Wastewater",,"0","0","0","0","5,500,000","0","0"
"Infrastructure Service Enhancements","Corporate Support Services","3454000014","Prosperity","Organizational Support Services",,"0","100,000","250,000","0","125,000","50,000","100,000"
"Document Management","Corporate Support Services","3470000014","Prosperity","Organizational Support Services",,"0","300,000","275,000","0","50,000","0","0"
"Facilities Replacement and Relocation Program","Fire Paramedic Service","211101XXXX","Emergency Preparedness, Response and Recovery","Fire and Rescue Response","See Capital Budget Book Detail Page",,"0","892,000","3,120,000","116,000","1,217,000","6,339,000"
"Replacement Radio System","Fire Paramedic Service","21010100XX","Emergency Preparedness, Response and Recovery","Fire and Rescue Response",,"0","0","2,000,000","4,000,000","0","0","0"
"Addition and Renovation to Fire Paramedic Station #8-640 Kimberly Avenue","Fire Paramedic Service","2111010818","Emergency Preparedness, Response and Recovery","Fire and Rescue Response",,"0","0","0","0","1,152,000","2,008,000","0"
"General Building Renovation and Refurbishing","Municipal Accommodations","63310000214","Prosperity","Property Asset Management","See Capital Budget Book Detail Page",,"500,000","500,000","500,000","500,000","500,000","500,000"
"Accommodation Facilities ","Municipal Accommodations","6395000114","Prosperity","Property Asset Management","See Capital Budget Book Detail Page",,"1,730,000","2,100,000","1,239,000","2,251,000","1,994,000","1,863,000"
"Fire / Life Safety / Regulatory Upgrades","Municipal Accommodations","6331000414","Prosperity","Property Asset Management","See Capital Budget Book Detail Page",,"1,014,000","725,000","625,000","710,000","719,800","759,000"
"Energy Conservation","Municipal Accommodations","6331000614","Prosperity","Property Asset Management","See Capital Budget Book Detail Page",,"300,000","100,000","100,000","150,000","140,000","158,000"
"Tenant Improvement Prepayment - Major Department","Municipal Accommodations","6331002314","Prosperity","Property Asset Management","See Capital Budget Book Detail Page",,"0","200,000","200,000","180,000","193,333","155,000"
"Historic Buildings  ","Municipal Accommodations","6331000714","Prosperity","Heritage Conservation","See Capital Budget Book Detail Page",,"200,000","200,000","200,000","200,000","270,000","214,000"
"Generator Set Replacement and Upgrades","Municipal Accommodations","`6331020815","Prosperity","Property Asset Management",,"100,000","0","200,000","0","200,000","166,667","113,000"
"Security / Building Automation System Initiatives","Municipal Accommodations","6331002614","Prosperity","Property Asset Management",,"1,050,000","225,000","225,000","140,000","188,000","200,600","196,000"
"Community Centres - Refurbishing and Improvements","Municipal Accommodations","6390000114","Prosperity","Recreation","See Capital Budget Book Detail Page",,"700,000","700,000","700,000","620,000","644,000","673,000"
"Arenas","Municipal Accommodations","6391000114","Prosperity","Recreation","See Capital Budget Book Detail Page",,"2,125,000","725,000","525,000","525,000","525,000","525,000"
"Indoor Aquatic Facilities","Municipal Accommodations","6392000114","Prosperity","Recreation","See Capital Budget Book Detail Page",,"1,050,000","1,760,000","1,760,000","2,530,000","2,470,000","2,518,000"
"Pan Am Pool - Boiler System Replacement","Municipal Accommodations","6392010114","Prosperity","Property Asset Management",,"0","830,000","770,000","770,000","0","0","0"
"Seven Oaks Pool  - Parking Lot Upgrade ","Municipal Accommodations","6392020114","Prosperity","Recreation",,"0","650,000","0","0","0","0","0"
"Seven Oaks Indoor Pool - Renewal Plan","Municipal Accommodations","6392030114","Prosperity","Recreation",,"0","0","3,729,000","0","0","0","0"
"Outdoor Aquatic Facilities","Municipal Accommodations","6393000114","Prosperity","Recreation","See Capital Budget Book Detail Page",,"330,000","330,000","350,000","342,000","340,400","338,000"
"Community Facilities","Municipal Accommodations","6394000114","Prosperity","Recreation","See Capital Budget Book Detail Page",,"200,000","200,000","200,000","200,000","260,000","212,000"
"Building Asset / Work Management Program","Municipal Accommodations","6390001014","Prosperity","Property Asset Management","See Capital Budget Book Detail Page",,"200,000","200,000","162,000","152,000","162,800","175,000"
"UFF - Hockey Pen Light Standard Replacement","Municipal Accommodations","6390002014","Prosperity","Recreation","See Capital Budget Book Detail Page",,"100,000","100,000","100,000","100,000","100,000","100,000"
"City-Wide Accessibility Program","Municipal Accommodations","6390005014","Prosperity","Neighbourhood Revitalization","See Capital Budget Book Detail Page",,"350,000","350,000","350,000","350,000","350,000","350,000"
"Transcona Centennial Pool","Municipal Accommodations","6392010113","Recreation","Recreation",,"5,500,000","300,000","0","0","0","0","0"
"Sherbrook Pool Reopening","Municipal Accommodations","6392040114","Prosperity","Recreation",,"0","1,000,000","0","0","0","0","0"
"St. James Civic Centre","Municipal Accommodations","6394010115","Prosperity","Recreation",,"0","0","900,000","900,000","0","0","0"
"Valley Gardens Community Club - Splash Pad","Municipal Accommodations","6393010114","Prosperity","Recreation",,"0","100,000","0","0","0","0","0"
"Machray Park - Splash Pad","Municipal Accommodations","6393020114","Prosperity","Recreation",,"0","425,000","0","0","0","0","0"
"East Yard Complex Development","Municipal Accommodations","6331000512","Prosperity","Property Asset Management",,"49,520,000","0","0","0","0","0","0"
"Computer Automation","Planning, Property and Development","6361000414","Prosperity","Property Asset Management","See Capital Budget Book Detail Page",,"200,000","0","200,000","120,000","144,000","133,000"
"Riverbank Greenway Programs","Planning, Property and Development","6351300114","Environment","Parks and Urban Forestry",,"3,105,000","200,000","600,000","443,000","405,000","406,000","411,000"
"Cemeteries - Improvements","Planning, Property and Development","6322100114","Vitality","Cemeteries",,"3,566,000","350,000","410,000","382,000","408,000","400,000","390,000"
"Downtown Enhancement Program","Planning, Property and Development","6351800114","Creativity","City Beautification",,"4,617,500","400,000","400,000","400,000","400,000","400,000","400,000"
"BIZ Zones, Image Routes and Neighbourhood Main Streets","Planning, Property and Development","6351241514","Creativity","City Beautification","See Capital Budget Book Detail Page",,"400,000","400,000","400,000","400,000","400,000","400,000"
"Public Art Strategy","Planning, Property and Development","6351400714","Creativity","City Beautification",,"4,600,000","500,000","500,000","500,000","500,000","500,000","500,000"
"Land Acquisition for General Unspecified Purposes","Planning, Property and Development","6321100115","Prosperity","Property Asset Management","See Capital Budget Book Detail Page",,"0","300,000","300,000","300,000","240,000","228,000"
"Developer Payback","Planning, Property and Development","6351000214","Environment","Parks and Urban Forestry",,"1,495,000","380,000","245,000","275,000","280,000","278,000","292,000"
"Tache Promenade","Planning, Property and Development","6351800413","Creativity","City Beautification",,"0","200,000","0","0","0","0","0"
"Riverbank Stabilization - Physical Asset Protection","Planning, Property and Development","6351300214","Environment","Parks and Urban Forestry",,"8,800,000","600,000","1,400,000","1,000,000","1,000,000","1,000,000","1,000,000"
"Building Communities Initiative II, Phase Two","Planning, Property and Development","6351200014","Key Directions for Specific City Areas ","Neighbourhood Revitalization","See Capital Budget Book Detail Page","15,500","3,200,000","1,300,000","0","0","0","0"
"Building Communities Initiative III","Planning, Property and Development","6351200016","Key Directions for Specific City Areas ","Neighbourhood Revitalization",,"0","0","0","2,100,000","2,120,000","2,000,000","3,780,000"
"Recreational Walkways and Bike Paths - Various Locations","Public Works","1832000114","Recreation","Roadway Construction and Maintenance","See Capital Budget Book Detail Page",,"500,000","500,000","500,000","500,000","500,000","500,000"
"New Regional Sidewalks","Public Works","1832000214","Sustainability","Roadway Construction and Maintenance","See Capital Budget Book Detail Page",,"250,000","250,000","250,000","250,000","250,000","250,000"
"Active Transportation Corridors","Public Works","1832000314","Sustainability","Roadway Construction and Maintenance","See Capital Budget Book Detail Page",,"1,000,000","500,000","500,000","500,000","500,000","500,000"
"Developer Payback - Various Locations","Public Works","1807000114","Key Directions for the Entire City","Roadway Construction and Maintenance","See Capital Budget Book Detail Page",,"127,000","3,000,000","0","7,000,000","0","0"
"Tuxedo Yards Development","Public Works","1807000514","Opportunity","Roadway Construction and Maintenance",,"9,050,000","700,000","1,100,000","1,600,000","2,100,000","3,730,000","3,467,000"
"Transportation Master Plan","Public Works","1833000114","Sustainability","Transportation Planning and Traffic Management","See Capital Budget Book Detail Page",,"250,000","250,000","250,000","250,000","250,000","250,000"
"Traffic Signals Improvements ","Public Works","1831100114","Sustainability","Transportation Planning and Traffic Management","See Capital Budget Book Detail Page",,"1,030,000","1,030,000","1,030,000","1,030,000","1,030,000","1,030,000"
"Traffic Engineering Improvements - Various Locations","Public Works","1831000114","Key Directions for the Entire City","Transportation Planning and Traffic Management","See Capital Budget Book Detail Page",,"1,100,000","1,100,000","1,100,000","1,100,000","1,100,000","1,100,000"
"Almey Avenue at Ravelston Avenue West - Closing ","Public Works","1803000414","Key Directions for the Entire City","Roadway Construction and Maintenance",,"0","200,000","0","0","0","0","0"
"Kenaston Boulevard - Ness Avenue to Taylor Avenue","Public Works","1803000614","Key Directions for Specific City Areas ","Roadway Construction and Maintenance",,"3,100,000","100,000","100,000","100,000","3,345,000","100,000","2,263,000"
"Panet Rd / Molson St Twinning - Munroe Ave to Grassie Blvd","Public Works","1803000113","Key Directions for the Entire City","Roadway Construction and Maintenance",,"7,400,000","2,600,000","0","0","0","0","0"
"Marion Street Widening / Grade Separation and Improvements - Rue Archibald to Lagimodiere Boulevard","Public Works","1803000313","Key Directions for the Entire City","Roadway Construction and Maintenance",,"1,250,000","0","5,200,000","0","0","0","0"
"Polo Park - Infrastructure Improvements ","Public Works","1803000213","Key Directions for Specific City Areas ","Roadway Construction and Maintenance",,"30,000,000","10,000,000","0","0","0","0","0"
"Regional and Local Street Renewal","Public Works","1804000114","Sustainability","Roadway Construction and Maintenance","See Capital Budget Book Detail Page",,"84,187,000","71,668,000","63,549,000","72,658,000","73,225,000","90,502,000"
"Louise Bridge (Red River) ","Public Works","1805001414","Key Directions for the Entire City","Roadway Construction and Maintenance",,"0","2,081,000","0","2,000,000","0","0","0"
"CPR Yards Functional Crossing Study - between McPhillips Street and Main Street","Public Works","1833000217","Key Directions for the Entire City","Transportation Planning and Traffic Management",,"1,500,000","0","0","0","2,000,000","0","0"
"Fermor Avenue Bridge (Seine River) ","Public Works","1805001916","Sustainability","Roadway Construction and Maintenance",,"0","0","0","500,000","700,000","6,800,000","0"
"Saskatchewan Avenue Culvert (Sturgeon Creek) ","Public Works","1805002016","Sustainability","Roadway Construction and Maintenance",,"0","0","0","1,000,000","1,000,000","8,000,000","0"
"Pembina Highway Underpass","Public Works","1805002218","Key Directions for the Entire City","Roadway Construction and Maintenance",,"1,300,000","0","0","0","0","6,000,000","0"
"St. James Street Bridge (Omand's Creek)","Public Works","1805001313","Sustainability","Roadway Construction and Maintenance",,"700,000","1,961,000","0","0","0","0","0"
"Ness Avenue Culvert (Sturgeon Creek)","Public Works","1805001514","Sustainability","Roadway Construction and Maintenance",,"0","1,000,000","2,000,000","11,000,000","0","0","0"
"Portage Avenue Bridge (Sturgeon Creek)","Public Works","1805000212","Sustainability","Roadway Construction and Maintenance",,"1,200,000","4,500,000","0","0","0","0","0"
"Saskatchewan Avenue Bridge (Omand's Creek)","Public Works","1805001615","Sustainability","Roadway Construction and Maintenance",,"0","0","700,000","2,300,000","0","0","0"
"Lyndale Drive - Retaining Wall Rehabilitation","Public Works","1805001715","Sustainability","Roadway Construction and Maintenance",,"0","0","500,000","500,000","3,000,000","0","0"
"Osborne Street Underpass","Public Works","1805002319","Sustainability","Roadway Construction and Maintenance",,"0","0","0","0","0","0","2,500,000"
"Dublin Avenue Bridge (Omand's Creek) ","Public Works","1805002118","Sustainability","Roadway Construction and Maintenance",,"0","0","0","0","0","500,000","500,000"
"Sherwin Road Bridge (Omand's Creek) ","Public Works","1805002419","Sustainability","Roadway Construction and Maintenance",,"0","0","0","0","0","0","700,000"
"Waterway Crossing and Grade Separations - Annual Program","Public Works","1805000114","Key Directions for the Entire City","Roadway Construction and Maintenance","See Capital Budget Book Detail Page",,"2,000,000","3,000,000","3,000,000","3,000,000","3,000,000","3,000,000"
"Disraeli Bridge and Overpass Facility","Public Works","1805100114","Sustainability","Roadway Construction and Maintenance","See Capital Budget Book Detail Page",,"0","0","0","0","0","0"
"Charleswood Bridge","Public Works","1805001014","Key Directions for the Entire City","Roadway Construction and Maintenance",,"0","0","0","0","0","0","0"
"Chief Peguis Trail - Henderson Highway to Lagimodiere Boulevard","Public Works","1801000214","Sustainability","Roadway Construction and Maintenance","See Capital Budget Book Detail Page",,"2,000,000","0","0","0","0","0"
"Chief Peguis Trail - Main Street to Route 90","Public Works","1801000214","Sustainability","Roadway Construction and Maintenance",,"0","1,500,000","0","0","0","0","0"
"William Clement Parkway - Grant Avenue to Wilkes Avenue","Public Works","1801000214","Sustainability","Roadway Construction and Maintenance",,"0","800,000","0","0","0","0","0"
"Waverley West Arterial Roads Project","Public Works","1803000110","Key Directions for the Entire City","Roadway Construction and Maintenance",,"64,003,000","5,697,000","0","0","0","0","0"
"Asset Management System - Various Divisions","Public Works","1812000114","Sustainability","Roadway Construction and Maintenance","See Capital Budget Book Detail Page",,"405,000","0","0","100,000","100,000","100,000"
"Land Drainage Sewers - Regional / Local Streets","Public Works","1813000114","Vitality","Land Drainage and Flood Control","See Capital Budget Book Detail Page",,"300,000","300,000","300,000","300,000","300,000","300,000"
"Land Acquisition - Transportation Right of Way","Public Works","1834000114","Key Directions for the Entire City","Transportation Planning and Traffic Management","See Capital Budget Book Detail Page",,"300,000","300,000","300,000","300,000","300,000","300,000"
"Reforestation - Improvements","Public Works","1850000114","Environment","Parks and Urban Forestry","See Capital Budget Book Detail Page",,"1,000,000","383,000","383,000","383,000","383,000","383,000"
"Athletic Fields - Improvements","Public Works","1852000114","Environment","Parks and Urban Forestry","See Capital Budget Book Detail Page",,"1,000,000","124,000","200,000","200,000","200,000","200,000"
"Parks - Improvements","Public Works","1853000114","Environment","Parks and Urban Forestry","See Capital Budget Book Detail Page",,"653,000","655,000","655,000","655,000","655,000","655,000"
"Regional and Community Parks - Buildings","Public Works","1854000114","Environment","Parks and Urban Forestry",,"1,350,000","2,000,000","0","2,150,000","0","0","100,000"
"Burton Cummings Community Centre - Fitness Trail","Public Works","1855000114","Environment","Parks and Urban Forestry",,"0","125,000","0","0","0","0","0"
"Hardsurface Upgrading","Public Works","1856000114","Environment","Parks and Urban Forestry","See Capital Budget Book Detail Page",,"150,000","0","150,000","150,000","150,000","150,000"
"Parks and Recreation Enhancement Program","Public Works","1857000114","Environment","Parks and Urban Forestry","See Capital Budget Book Detail Page",,"6,300,000","3,300,000","3,300,000","3,300,000","3,300,000","3,300,000"
"Insect Control - Information System","Public Works","1858000215","Environment","Insect Control",,"0","0","1,250,000","0","0","0","0"
"Insect Control - Replace 3 Grey Street Operations Building","Public Works","1858000318","Environment","Insect Control",,"0","0","0","0","0","1,000,000","0"
"Dutch Elm Disease Strategy ","Public Works","1858000114","Environment","Parks and Urban Forestry",,"2,754,000","2,600,000","2,600,000","2,600,000","2,600,000","2,600,000","2,600,000"
"Innovative Transit Program","Transit","4230030114","Environment","Public Transit","See Capital Budget Book Detail Page",,"800,000","800,000","1,000,000","1,000,000","1,000,000","1,000,000"
"Transit Building Replacement / Refurbishment","Transit","4210000314","Environment","Public Transit",,"32,618,000","15,115,000","9,869,000","4,500,000","4,573,000","4,506,000","7,036,000"
"Transit Buses","Transit","4210000214","Environment","Public Transit","See Capital Budget Book Detail Page",,"15,367,000","17,307,000","22,737,000","23,884,000","24,889,000","25,836,000"
"Southwest Rapid Transit Corridor - Stage 2","Transit","4230010514","Environment","Public Transit",,"0","0","15,000,000","127,500,000","0","0","0"
"Fuel Storage Expansion","Transit","4210000414","Environment","Public Transit",,"0","500,000","0","0","0","0","0"
"Automated Fingerprint Identification System (AFIS) ","Winnipeg Police Service","2200000714","Collaborate to Make Safe Communities","Police Response",,"179,000","321,000","0","0","0","0","500,000"
"Officer Mobile Video System","Winnipeg Police Service","2202100016","Collaborate to Make Safe Communities","Police Response",,"0","0","0","0","1,000,000","0","0"
"Trunk Radio System","Winnipeg Police Service","2202200016","Collaborate to Make Safe Communities","Police Response",,"0","0","2,000,000","5,280,000","0","0","0"
"Radio Upgrade for Districts 3 and 4","Winnipeg Police Service","2202300016","Collaborate to Make Safe Communities","Police Response",,"0","0","0","490,000","0","0","0"
"Police Divisions Systems Upgrades","Winnipeg Police Service","2201100014","Collaborate to Make Safe Communities","Police Response",,"1,423,000","3,743,000","2,986,000","1,400,000","0","0","0"
"North Station Information Technology Requirements","Winnipeg Police Service","2201700014","Collaborate to Make Safe Communities","Police Response",,"0","0","490,000","0","0","0","0"
"East District Police Station","Winnipeg Police Service","6331002813","Collaborate to Make Safe Communities","Police Response",,"13,925,000","0","0","0","0","0","0"
"North District Police Station","Winnipeg Police Service","6331003014","Collaborate to Make Safe Communities","Police Response",,"3,130,000","0","0","0","19,423,000","0","0"
"Winnipeg Police Headquarters Redevelopment","Winnipeg Police Service","6331001911","Collaborate to Make Safe Communities","Police Response",,"193,567,000","0","0","0","0","0","0"
"Building Video Surveillance Systems","Winnipeg Police Service","2202400017","Collaborate to Make Safe Communities","Police Response",,"0","0","0","0","0","4,160,000","0"
"Communication Centre Back Up Site Upgrade","Winnipeg Police Service","2202500017","Collaborate to Make Safe Communities","Police Response",,"0","0","0","0","400,000","0","0"
"Security and Card Access","Winnipeg Police Service","2201800014","Collaborate to Make Safe Communities","Police Response",,"0","400,000","0","0","0","0","0"
"Kenaston Boulevard Interceptor","Water and Waste","2037001417","Environment","Wastewater",,"0","0","0","0","4,000,000","0","0"
"Mobile and Transient Users","Winnipeg Police Service","2202600016","Collaborate to Make Safe Communities","Police Response",,"0","0","0","250,000","0","0","0"
"Intelligence Led Reporting (Phase 2)","Winnipeg Police Service","2202600018","Collaborate to Make Safe Communities","Police Response",,"0","0","0","0","0","1,050,000","0"
"Major Case Management System Expansion","Winnipeg Police Service","2202700017","Collaborate to Make Safe Communities","Police Response",,"0","0","0","1,158,000","0","0","500,000"
"WPS Data Integration, Auditing and Quality Solution Tool","Winnipeg Police Service","2202900018","Collaborate to Make Safe Communities","Police Response",,"0","0","0","0","0","662,000","0"
"Bomb Unit Building","Winnipeg Police Service","2203000019","Collaborate to Make Safe Communities","Police Response",,"0","0","0","0","0","0","651,000"
"In Car Computing            ","Winnipeg Police Service","22xxxxxx13","Collaborate to Make Safe Communities","Police Response",,"0","0","0","0","0","0","1,200,000"
"Next Generation 911","Winnipeg Police Service","2203100019","Collaborate to Make Safe Communities","Police Response",,"0","0","0","0","0","0","800,000"
"Bomb Unit Truck Replacement","Winnipeg Police Service","2203500019","Collaborate to Make Safe Communities","Police Response",,"0","0","0","0","0","0","300,000"
"Technology Upgrades - Information Systems","Winnipeg Police Service","2203200019","Collaborate to Make Safe Communities","Police Response",,"0","0","0","0","0","0","1,200,000"
"Golf Course Improvements","Winnipeg Golf Services","639xxxxx10","Recreation","Golf Services (SOA)",,"715,000","0","0","0","0","0","0"
"Stormwater Retention Basin Rehabilitation","Water and Waste","20750001yy","Environment","Land Drainage and Flood Control","See Capital Budget Book Detail Page",,"50,000","200,000","200,000","600,000","600,000","600,000"
"Flood Pumping Station Rehabilitation","Water and Waste","20765001yy","Environment","Land Drainage and Flood Control","See Capital Budget Book Detail Page",,"850,000","1,500,000","1,000,000","1,000,000","1,000,000","1,000,000"
"Land Drainage and Combined Sewers Outfall Gate Structures","Water and Waste","20785002yy","Environment","Land Drainage and Flood Control","See Capital Budget Book Detail Page",,"700,000","1,700,000","1,800,000","1,300,000","1,500,000","1,500,000"
"Floodplain Management","Water and Waste","20700004yy","Environment","Land Drainage and Flood Control",,"2,323,000","100,000","100,000","0","0","0","0"
"Seine River Waterway Acquisition","Water and Waste","20800001yy","Environment","Land Drainage and Flood Control",,"1,196,000","150,000","150,000","150,000","150,000","150,000","150,000"
"Primary Dike Upgrading","Water and Waste","20700014yy","Environment","Land Drainage and Flood Control",,"4,265,000","0","0","0","1,100,000","1,000,000","1,300,000"
"Land Drainage Utility Study and Implementation","Water and Waste","2070001514","Environment","Land Drainage and Flood Control",,"0","500,000","0","0","0","0","0"
"Permanent Flood Pumping Stations","Water and Waste","20700023yy","Environment","Land Drainage and Flood Control",,"435,000","0","500,000","400,000","400,000","0","0"
"Land Drainage Supervisory Control and Data Acquisition (SCADA) System","Water and Waste","2070002414","Environment","Land Drainage and Flood Control",,"300,000","100,000","0","0","0","0","0"
"Flood Manual Upgrades","Water and Waste","20700012yy","Environment","Land Drainage and Flood Control",,"1,050,000","948,000","300,000","0","0","0","0"
"Outfall Rehabilitation","Water and Waste","20780001yy","Environment","Land Drainage and Flood Control","See Capital Budget Book Detail Page",,"900,000","1,200,000","1,508,000","2,000,000","2,000,000","1,011,000"
"Development Agreement Paybacks","Water and Waste","20770001yy","Environment","Land Drainage and Flood Control","See Capital Budget Book Detail Page",,"500,000","500,000","500,000","500,000","500,000","0"
"Biosolids - Alternative Disposal Delivery and Management System","Water and Waste","203110004B","Environment","Wastewater",,"44,644,000","5,000,000","40,000,000","71,000,000","61,000,000","0","0"
"Wastewater System Security Upgrades","Water and Waste","20300015yy","Environment","Wastewater","See Capital Budget Book Detail Page",,"200,000","0","0","500,000","500,000","500,000"
"North End Water Pollution Control Centre (NEWPCC) - Main Building HVAC Replacement","Water and Waste","2031002614","Environment","Wastewater",,"100,000","400,000","0","0","0","0","0"
"NEWPCC - Nutrient Removal / Upgrade","Water and Waste","203110013B","Environment","Wastewater",,"33,214,000","10,000,000","100,000,000","130,000,000","130,000,000","106,236,000","38,000,000"
"South End Water Pollution Control Centre (SEWPCC) - Nutrient Removal / Expansion ","Water and Waste","203200xxyy","Environment","Wastewater",,"203,250,000","44,000,000","13,000,000","12,500,000","0","0","0"
"NEWPCC - Environmental Standards Division Laboratory Facility Upgrading","Water and Waste","2030002214","Environment","Wastewater",,"360,000","200,000","0","0","0","0","0"
"West End Water Pollution Control Centre (WEWPCC) - Settling Improvement","Water and Waste","2033000913","Environment","Wastewater",,"250,000","500,000","500,000","0","0","0","0"
"Water Pollution Control Centres (WPCC) - Distributed Control System (DCS) and Human Machine Interface (HMI) Upgrades","Water and Waste","2040000613","Environment","Wastewater",,"5,000,000","0","3,000,000","0","0","0","0"
"WPCC - Asset Refurbishment and Replacement Project","Water and Waste","20300005yy","Environment","Wastewater",,"24,358,000","5,000,000","5,000,000","5,000,000","5,000,000","2,000,000","2,000,000"
"WPCC - Re-roofing","Water and Waste","20300010yy","Environment","Wastewater","See Capital Budget Book Detail Page",,"0","400,000","0","400,000","0","400,000"
"Arc Flash Hazard Analysis and Remediation","Water and Waste","20300018yy","Environment","Wastewater",,"1,350,000","250,000","350,000","300,000","700,000","450,000","250,000"
"Lift Stations Upgrading","Water and Waste","20350001yy","Environment","Wastewater","See Capital Budget Book Detail Page",,"1,600,000","1,750,000","1,750,000","1,750,000","1,750,000","1,750,000"
"Cockburn Lift Station Upgrades to Facilitate Fort Rouge Yards Development","Water and Waste","20350005yy","Environment","Wastewater",,"300,000","0","0","2,000,000","0","0","0"
"Fernbank Interceptor","Water and Waste","2037001116","Environment","Wastewater",,"0","0","0","8,000,000","0","0","0"
"Warde Interceptor Extension","Water and Waste","2037000516","Environment","Wastewater",,"0","0","0","3,200,000","0","0","0"
"River Crossings Monitoring and Rehabilitation","Water and Waste","2037500xyy","Environment","Wastewater","See Capital Budget Book Detail Page",,"0","1,365,000","0","1,365,000","0","1,365,000"
"Wastewater Collection System Buildings Re-Roofing ","Water and Waste","20300024yy","Environment","Wastewater",,"300,000","0","300,000","0","0","100,000","0"
"Wastewater Collection System Reliability ","Water and Waste","2030002315","Environment","Wastewater",,"800,000","0","400,000","0","0","0","0"
"Water and Waste Department GIS Enhancement Program","Water and Waste","20400003yy","Environment","Wastewater",,"100,000","115,000","100,000","100,000","100,000","100,000","100,000"
"Inflow / Infiltration / Cross-Connection Study and Mitigation","Water and Waste","20410001yy","Environment","Wastewater",,"2,943,000","500,000","3,000,000","0","1,500,000","0","0"
"Wastewater Hauling and Grease Trap Licensing Automation","Water and Waste","2040001014","Environment","Wastewater",,"260,000","500,000","0","0","0","0","0"
"Oracle Work Asset Management System Upgrade","Water and Waste","2010000113","Environment","Wastewater",,"135,000","45,000","0","0","0","0","0"
"Laboratory Information Management System Upgrade","Water and Waste","20400008yy","Environment","Wastewater",,"250,000","500,000","500,000","0","0","0","0"
"Building Renovations - 1199 Pacific Avenue","Water and Waste","2030000813","Environment","Wastewater",,"125,000","0","0","0","0","0","55,000"
"Utility Asset Management System","Water and Waste","2040000914","Environment","Wastewater",,"1,000,000","500,000","0","0","0","0","0"
"Correspondence and Bill Generation Upgrades","Water and Waste","2040000214","Environment","Wastewater",,"0","165,000","0","0","0","0","0"
"Information Technology Continuity Business Plan","Water and Waste","2040001014","Environment","Wastewater",,"0","150,000","0","0","0","0","0"
"Combined Sewer Overflow and Basement Flood Management Strategy","Water and Waste","20380001yy","Environment","Wastewater","See Capital Budget Book Detail Page",,"24,349,000","32,615,000","31,730,000","26,890,000","23,810,000","23,810,000"
"Sewer Renewals","Water and Waste","203900xxyy","Environment","Wastewater","See Capital Budget Book Detail Page",,"15,300,000","16,100,000","16,900,000","17,800,000","18,200,000","19,500,000"
"Brady Road Resource Management Facility  - Cell Excavation","Water and Waste","20620004yy","Environment","Solid Waste Collection and Disposal","See Capital Budget Book Detail Page",,"1,440,000","1,456,000","1,508,000","1,508,000","1,508,000","1,500,000"
"Brady Road Resource Management Facility - Drainage, Roadways and Site Improvements","Water and Waste","20620006yy","Environment","Solid Waste Collection and Disposal",,"4,000,000","1,040,000","1,300,000","0","0","0","0"
"Brady Road Resource Management Facility - Landfill Gas Capture Expansion Phase 1","Water and Waste","2062000214","Environment","Solid Waste Collection and Disposal",,"0","566,000","0","0","0","0","0"
"Comprehensive Integrated Waste Management Strategy (CIWMS) - Consulting Support for System Transition","Water and Waste","20650008yy","Environment","Solid Waste Collection and Disposal",,"800,000","200,000","200,000","0","0","0","0"
"Summit Landfill Closure / Post-Closure","Water and Waste","2063000113","Environment","Solid Waste Collection and Disposal",,"2,325,665","0","330,000","0","0","0","0"
"CIWMS - 4R Winnipeg Depots (Community Resource Recovery Centres - West and East)","Water and Waste","20650011yy","Environment","Recycling and Waste Diversion",,"0","3,720,000","3,493,000","0","0","0","0"
"CIWMS - Material Recycling Facility","Water and Waste","2065001216","Environment","Recycling and Waste Diversion",,"200,000","0","0","16,500,000","0","0","0"
"CIWMS - Provision of Automated Recycling and Garbage Collection Carts","Water and Waste","20650007yy","Environment","Solid Waste Collection and Disposal","See Capital Budget Book Detail Page",,"253,000","295,000","330,000","342,000","301,000","294,000"
"Shoal Lake Aqueduct and Falcon River Diversion Bridges","Water and Waste","2001002713","Environment","Water",,"2,000,000","0","2,000,000","0","0","0","0"
"Shoal Lake Aqueduct Asset Preservation","Water and Waste","20030006yy","Environment","Water",,"4,435,000","0","500,000","500,000","500,000","500,000","500,000"
"Shoal Lake Aqueduct Intake Facility Rehabilitation","Water and Waste","20120002yy","Environment","Water",,"2,000,000","530,000","1,100,000","2,000,000","2,000,000","240,000","960,000"
"Branch Aqueduct Condition Assessment and Rehabilitation","Water and Waste","2003000515","Environment","Water",,"1,500,000","0","500,000","0","0","0","0"
"GWWD Railway Bridge Rehabilitation","Water and Waste","2006000314","Environment","Water",,"500,000","2,200,000","0","0","0","0","0"
"Water Treatment Plant Chemical Feed Pump Replacement","Water and Waste","2002500114","Environment","Water",,"140,000","400,000","0","0","0","0","0"
"Ultraviolet Light Disinfection Upgrade / Rehabilitation","Water and Waste","20025004yy","Environment","Water",,"0","400,000","0","4,000,000","0","0","0"
"Deacon Site Flood Protection","Water and Waste","2002500514","Environment","Water",,"0","300,000","1,825,000","0","0","0","0"
"Tache Booster Pumping Station","Water and Waste","2005000615","Environment","Water",,"3,500,000","0","1,800,000","0","0","0","0"
"Pumping Stations Reliability Upgrades","Water and Waste","20050003yy","Environment","Water",,"3,086,000","1,500,000","500,000","1,200,000","0","0","0"
"Pumping Stations and Reservoirs Structural Upgrades","Water and Waste","20050012yy","Environment","Water",,"820,000","3,200,000","900,000","0","450,000","500,000","750,000"
"Chlorination Upgrading at Pumping Stations","Water and Waste","20050011yy","Environment","Water",,"0","0","700,000","800,000","800,000","450,000","0"
"Water Supervisory Control and Data Acquisition (SCADA) Upgrade","Water and Waste","20050002yy","Environment","Water",,"3,800,000","1,100,000","7,400,000","0","0","0","0"
"Waterworks System Security Upgrades","Water and Waste","20010015yy","Environment","Water","See Capital Budget Book Detail Page",,"0","500,000","500,000","500,000","500,000","500,000"
"Regulatory Assessment of Water System Infrastructure and Supply Sources","Water and Waste","2001000715","Environment","Water",,"575,000","0","650,000","0","0","0","0"
"North End Water Pollution Control Centre (NEWPCC) - Environmental Standards Division Laboratory Facility Upgrading","Water and Waste","20010022yy","Environment","Water",,"360,000","200,000","0","0","0","0","0"
"Water Treatment Research and Process Optimization Facility","Water and Waste","2002300614","Environment","Water",,"1,000,000","300,000","0","0","0","0","150,000"
"Water Conservation and Efficiency Study","Water and Waste","2001002815","Environment","Water",,"0","0","230,000","0","0","0","0"
"Saskatchewan Avenue Watermain","Water and Waste","2013500115","Environment","Water",,"0","0","4,400,000","0","0","0","0"
"North Kildonan Feedermain River Crossing Replacement / Rehabilitation","Water and Waste","2004001114","Environment","Water",,"0","3,000,000","0","0","0","0","0"
"Feedermain Condition Assessment and Rehabilitation","Water and Waste","20040007yy","Environment","Water","See Capital Budget Book Detail Page",,"2,000,000","2,000,000","2,000,000","2,000,000","2,000,000","750,000"
"Public Water Outlets","Water and Waste","2001001715","Environment","Water",,"750,000","0","500,000","0","0","0","0"
"Meter Infrastructure Project","Water and Waste ","2001002515","Environment","Water",,"4,075,000","0","500,000","0","0","0","0"
"Water and Waste Department GIS Enhancement Program","Water and Waste","20100003yy","Environment","Water",,"100,000","115,000","100,000","100,000","100,000","100,000","100,000"
"Safety Upgrades - Isolation Valves at Valve and Meter Pits","Water and Waste","20010014yy","Environment","Water",,"231,000","50,000","50,000","0","0","0","0"
"Oracle Work Asset Management System Upgrade","Water and Waste","2010000113","Environment","Water",,"135,000","45,000","0","0","0","0","0"
"Laboratory Information Management System Upgrade","Water and Waste","20100008yy","Environment","Water",,"250,000","500,000","500,000","0","0","0","0"
"Building Renovations - 1199 Pacific Avenue","Water and Waste","2001000813","Environment","Water",,"125,000","0","0","0","0","0","55,000"
"Utility Asset Management System","Water and Waste","2010000914","Environment","Water",,"1,000,000","500,000","0","0","0","0","0"
"Correspondence and Bill Generation Upgrades","Water and Waste","201000214","Environment","Water",,"0","165,000","0","0","0","0","0"
"Information Technology Continuity Business Plan","Water and Waste","2010001014","Environment","Water",,"0","150,000","0","0","0","0","0"
"Watermain Renewals","Water and Waste","201300xxyy","Environment","Water","See Capital Budget Book Detail Page",,"16,000,000","17,000,000","17,000,000","17,500,000","17,500,000","18,000,000"
